"ISO3","Year","City","Longitude","Latitude","PM25","urban"
1,2018,"Whitehorse",-135.0588,60.71972,3.0,0
1,2019,"Houston",-126.6468,54.39859,11.0,0
1,2019,"Fort Mackay",-111.6424,57.1492,7.0,0
1,2019,"Fort Mackay",-111.6405,57.18941,8.0,0
1,2019,"Mallaig",-111.5026,54.2165,5.0,1
1,2019,"Fort McMurray",-111.4766,56.75139,7.0,0
1,2019,"Fort McMurray",-111.3905,56.73341,6.0,1
1,2019,"Fort Chipewyan",-111.1768,58.70879,5.0,0
1,2019,"Fort Mackay",-111.037,57.26176,5.0,0
1,2019,"Medicine Hat",-110.6812,50.04893,5.0,0
1,2019,"Cold Lake",-110.2329,54.41401,4.0,0
1,2019,"Saskatoon",-106.6629,52.13613,8.0,0
1,2019,"Regina",-104.616,50.4527,4.0,0
1,2019,"Flin Flon",-101.8775,54.76852,3.0,0
1,2019,"Brandon",-99.9206,49.83918,5.0,1
1,2019,"Thompson",-97.87353,55.74719,3.0,0
1,2019,"Burns Lake",-125.7644,54.23073,9.0,0
1,2019,"Winnipeg",-97.14653,49.89799,6.0,0
1,2019,"Winnipeg",-97.11317,49.93207,5.0,0
1,2019,"Thunder Bay",-89.29017,48.37939,5.0,0
1,2019,"Sault Ste. Marie",-84.30992,46.53319,5.0,0
1,2019,"Windsor",-83.07314,42.29289,9.0,0
1,2019,"Windsor",-83.04367,42.31578,8.0,0
1,2019,"Sarnia",-82.39534,42.99026,7.0,0
1,2019,"Chatham",-82.20831,42.40369,7.0,0
1,2019,"Campbell River",-125.2484,50.01843,6.0,0
1,2019,"Tiverton",-81.54972,44.31447,5.0,0
1,2019,"London",-81.20086,42.97446,7.0,0
1,2019,"Union",-81.16289,42.67208,7.0,0
1,2019,"Greater Sudbury",-81.00311,46.49194,5.0,0
1,2019,"Kitchener",-80.50381,43.44383,7.0,0
1,2019,"Brantford",-80.29264,43.13861,7.0,0
1,2019,"Courtenay",-124.9962,49.6826,8.0,0
1,2019,"Simcoe",-80.26964,42.85685,6.0,1
1,2019,"Guelph",-80.26416,43.55164,7.0,0
1,2019,"Parry Sound",-80.03817,45.33786,4.0,1
1,2019,"Hamilton",-79.90775,43.25744,8.0,0
1,2018,"Hamilton",-79.86278,43.22942,8.0,0
1,2019,"Hamilton",-79.86167,43.25778,9.0,0
1,2019,"Port Alberni",-124.8066,49.26101,9.0,0
1,2016,"Brampton",-79.78092,43.69875,7.0,0
1,2019,"Oakville",-79.70228,43.48692,7.0,0
1,2019,"Mississauga",-79.65869,43.54697,7.0,0
1,2019,"Toronto",-79.5435,43.70944,7.0,0
1,2019,"Toronto",-79.52194,43.61076,8.0,1
1,2019,"Newmarket",-79.48325,44.04431,6.0,0
1,2019,"Powell River",-124.5624,49.8893,2.0,0
1,2019,"North Bay",-79.44928,46.32323,4.0,0
1,2016,"Toronto",-79.41773,43.78158,7.0,0
1,2018,"Toronto",-79.38722,43.66417,8.0,0
1,2019,"Toronto",-79.27406,43.74792,7.0,1
1,2019,"St. Catharines",-79.23475,43.16006,7.0,0
1,2019,"Rouyn-Noranda",-78.98278,48.23409,6.0,0
1,2017,"Powell River",-124.5581,49.88689,4.0,0
1,2019,"Baysville",-78.93294,45.22428,4.0,0
1,2017,"Hampton",-78.89492,43.94594,6.0,0
1,2019,"Laurentian Hills",-77.44119,45.99672,4.0,0
1,2019,"Belleville",-77.3955,44.15053,6.0,1
1,2019,"Senneterre",-77.19667,48.43165,4.0,0
1,2019,"Kingston",-76.52113,44.21987,5.0,0
1,2019,"Sainte-Cécile-de-Masham",-76.01805,45.62238,6.0,0
1,2018,"Vanderhoof",-124.0059,54.01652,20.0,0
1,2019,"Gatineau",-75.72343,45.43599,7.0,0
1,2017,"Ottawa",-75.71387,45.38287,6.0,1
1,2019,"Ottawa",-75.676,45.43433,6.0,0
1,2019,"Cornwall",-74.73531,45.01798,6.0,0
1,2019,"Saint-Faustin-Lac-Carré",-74.48083,46.035,5.0,0
1,2019,"Senneville",-73.92893,45.42654,6.0,0
1,2019,"Laval",-73.74832,45.54746,8.0,0
1,2019,"Montreal",-73.7412,45.46832,6.0,0
1,2019,"Mount Royal",-73.66391,45.50265,9.0,1
1,2019,"Montreal",-73.63726,45.5934,8.0,0
1,2019,"Montreal",-73.57382,45.65169,7.0,0
1,2019,"Montreal",-73.57176,45.54271,6.0,1
1,2019,"Colville Lake",-133.7141,68.35702,4.0,0
1,2019,"Nanaimo",-123.9939,49.20083,4.0,1
1,2018,"Montreal",-73.54199,45.60176,8.0,0
1,2019,"Montreal",-73.54039,45.53993,8.0,0
1,2019,"Montreal",-73.49968,45.64103,7.0,0
1,2019,"Longueuil",-73.4881,45.52207,7.0,0
1,2016,"L'Assomption",-73.43473,45.80942,6.0,1
1,2019,"Saint-Jean-sur-Richelieu",-73.34857,45.29413,7.0,1
1,2019,"Charette",-72.89241,46.4416,6.0,0
1,2019,"Saint-Simon-de-Bagot",-72.84025,45.71561,6.0,0
1,2019,"Saint-Thomas-Didyme",-72.73889,48.80972,4.0,0
1,2019,"Saint-Zéphirin-de-Courval, Quebec",-72.65976,46.04223,6.0,0
1,2019,"Lac-Édouard",-72.29056,47.64722,6.0,0
1,2017,"Duncan",-123.7158,48.78485,9.0,0
1,2019,"Deschambault",-71.9659,46.68237,5.0,0
1,2019,"Tingwick",-71.9487,45.90579,5.0,0
1,2019,"Sherbrooke",-71.8746,45.41231,8.0,0
1,2019,"Quebec City",-71.36972,46.77417,8.0,0
1,2019,"La Patrie",-71.25017,45.37333,5.0,0
1,2019,"Quebec City",-71.24639,46.79487,7.0,0
1,2019,"Quebec City",-71.22049,46.82118,8.0,0
1,2019,"Saguenay",-71.05241,48.41637,6.0,0
1,2019,"Saint-Hilaire-de-Dorset",-70.85603,45.82486,4.0,0
1,2019,"Auclair",-68.70722,47.73333,4.0,0
1,2019,"St. Andrews",-67.07404,45.08691,4.0,1
1,2016,"Beaver Dam",-66.64672,45.95732,6.0,0
1,2019,"Saint John",-66.08007,45.2529,5.0,0
1,2019,"Saint John",-66.00838,45.30876,5.0,0
1,2018,"Duncan",-123.637,48.84965,8.0,0
1,2019,"Saint John",-66.00305,45.29122,5.0,0
1,2019,"North Tetagouche",-65.63351,47.60969,5.0,0
1,2019,"Aylesford",-64.84033,45.07267,5.0,0
1,2019,"Moncton",-64.78966,46.10158,4.0,0
1,2019,"Halifax",-63.57366,44.64711,5.0,0
1,2019,"Lawrencetown",-63.48075,44.7198,5.0,1
1,2019,"Charlottetown",-63.13667,46.233,8.0,0
1,2019,"Trenton",-62.69664,45.68167,5.0,0
1,2019,"Saint Peters Bay",-62.58272,46.38635,4.0,0
1,2019,"Port Hawkesbury",-61.36236,45.61416,5.0,1
1,2019,"Sydney",-60.17252,46.14222,5.0,0
1,2019,"Corner Brook",-57.92207,48.95224,6.0,1
1,2019,"Grand Falls-Windsor",-55.65966,48.92696,3.0,1
1,2019,"Burin",-55.19852,47.09899,4.0,0
1,2019,"St. John's",-52.79476,47.50513,5.0,0
1,2019,"St. John's",-52.71147,47.56038,5.0,0
1,2019,"Gibsons",-123.4792,49.43885,3.0,0
1,2019,"Nanaimo",-123.849,49.11301,8.0,0
1,2019,"Duncan",-123.7173,48.78611,8.0,0
1,2019,"Duncan",-123.6464,48.80255,7.0,0
1,2019,"Squamish",-123.1513,49.70516,5.0,0
1,2019,"Vancouver",-123.0778,49.26027,7.0,0
1,2019,"New Westminster",-122.8945,49.22704,6.0,0
1,2019,"Victoria",-123.3632,48.44194,7.0,0
1,2019,"Abbotsford",-122.3265,49.02155,6.0,1
1,2017,"Valemount",-119.2698,52.83246,17.0,0
1,2019,"West Vancouver",-123.2767,49.36861,4.0,0
1,2019,"Airdrie",-114.0378,51.26808,6.0,1
1,2019,"Calgary",-114.0091,51.0309,8.0,1
1,2019,"St. Albert",-113.6119,53.62691,7.0,0
1,2019,"Edmonton",-113.5261,53.5001,8.0,0
1,2019,"Gibbons",-113.3272,53.82724,9.0,0
1,2019,"Sherwood Park",-113.321,53.53209,7.0,0
1,2019,"Ardrossan",-113.1449,53.55469,6.0,0
1,2019,"Redwater",-113.1059,53.95183,8.0,0
1,2016,"Fort Saskatchewan",-113.0992,53.84369,5.0,1
1,2019,"Lavoy",-112.9259,53.80563,8.0,1
1,2019,"Fort Mackay",-111.593,56.99647,6.0,1
1,2019,"Conklin",-111.1727,55.62141,5.0,0
1,2019,"Anzac",-111.0372,56.44928,5.0,0
1,2019,"Buffalo Narrows",-108.4033,55.83457,4.0,0
1,2019,"Swift Current",-107.8169,50.28583,6.0,0
1,2019,"Prince Albert",-105.752,53.20169,7.0,0
1,2019,"Estevan",-102.985,49.13235,4.0,0
1,2019,"Kitimat",-128.6714,54.05389,5.0,0
1,2019,"Sarnia",-82.41682,42.91255,7.0,0
1,2019,"Grand Bend",-81.74282,43.33319,5.0,0
1,2019,"Burlington",-79.80276,43.31457,7.0,0
1,2019,"Brampton",-79.76567,43.66957,7.0,0
1,2019,"Barrie",-79.70243,44.38231,7.0,0
1,2019,"Toronto",-79.54342,43.71111,9.0,0
1,2019,"Toronto",-79.46752,43.78042,7.0,0
1,2019,"Hampton",-78.9125,43.95222,6.0,0
1,2019,"Peterborough",-78.34639,44.30183,6.0,0
1,2019,"Mont-Saint-Michel",-75.43273,46.76866,5.0,0
1,2019,"Richmond",-123.1524,49.18626,5.0,0
1,2019,"Saint-Anicet",-74.2896,45.12062,6.0,0
1,2019,"Terrebonne",-73.65776,45.70476,8.0,0
1,2019,"Montreal",-73.58258,45.46461,9.0,0
1,2019,"Montreal",-73.56684,45.51219,7.0,0
1,2019,"Brossard",-73.48082,45.44866,7.0,0
1,2019,"Trois-Rivières",-72.54619,46.35717,7.0,0
1,2019,"Levis",-71.16751,46.80603,6.0,0
1,2019,"Notre-Dame-du-Rosaire",-70.45418,46.84889,5.0,0
1,2019,"Edmundston",-68.3223,47.36319,9.0,0
1,2019,"Richmond",-123.1082,49.14144,6.0,0
1,2019,"Labrador City",-66.91031,52.94549,2.0,0
1,2019,"Beaver Dam",-66.64524,45.95729,5.0,0
1,2019,"Kentville",-64.47743,45.06725,5.0,1
1,2019,"North Vancouver",-123.0835,49.32399,4.0,0
1,2019,"Delta",-123.082,49.00988,4.0,0
1,2019,"North Vancouver",-123.0204,49.30147,7.0,1
1,2019,"Burnaby",-122.9857,49.21519,5.0,0
1,2019,"Burnaby",-122.9707,49.27921,5.0,0
1,2019,"Whistler",-122.9604,50.14429,5.0,1
1,2019,"Delta",-122.9017,49.15835,6.0,0
1,2019,"Belcarra",-122.8493,49.28089,5.0,1
1,2019,"Pitt Meadows",-122.7089,49.24523,5.0,1
1,2019,"Surrey",-122.6942,49.13293,6.0,0
1,2019,"Langley Township",-122.5671,49.09561,6.0,0
1,2019,"BATNUNI LAKE",-122.4932,52.98169,9.0,0
1,2019,"Mission",-122.3111,49.14149,6.0,0
1,2019,"Abbotsford",-122.3098,49.04258,5.0,0
1,2019,"Williams Lake",-122.1504,52.14428,7.0,0
1,2019,"Chilliwack",-121.9403,49.15585,6.0,0
1,2019,"Agassiz",-121.7623,49.23801,5.0,0
1,2019,"Hope",-121.4991,49.36989,5.0,1
1,2019,"Terrace",-128.6075,54.52167,6.0,0
1,2019,"Kamloops",-120.334,50.67477,7.0,0
1,2018,"Kelowna",-119.4774,49.86234,12.0,0
1,2019,"Calais",-119.3968,55.19634,6.0,1
1,2019,"Vernon",-119.2707,50.26062,8.0,0
1,2019,"Grande Prairie",-118.8078,55.1766,7.0,0
1,2019,"Calais",-118.7647,55.1172,5.0,0
1,2019,"Grand Forks",-118.4391,49.03117,9.0,0
1,2019,"Calais",-118.2809,55.40266,7.0,0
1,2019,"Castlegar",-117.6615,49.3177,7.0,0
1,2019,"Hinton",-117.5441,53.4273,8.0,1
1,2019,"Robb",-117.0911,53.1325,2.0,0
1,2019,"Golden",-116.9669,51.2975,9.0,0
1,2019,"Edson",-116.3958,53.59377,2.0,1
1,2019,"Drayton Valley",-114.9842,53.22002,7.0,0
1,2019,"Tomahawk",-114.7683,53.37255,5.0,0
1,2019,"James River Bridge",-114.6974,51.94687,5.0,0
1,2019,"Alberta Beach",-114.4199,53.633,6.0,0
1,2018,"Smithers",-127.1773,54.78331,9.0,0
1,2019,"Yellowknife",-114.364,62.45207,4.0,0
1,2019,"Sunnybrook",-114.2211,53.3016,6.0,0
1,2017,"Calgary",-114.1418,51.07922,7.0,0
1,2019,"Calgary",-113.9697,50.95512,7.0,1
1,2019,"Red Deer",-113.7935,52.29867,7.0,0
1,2019,"Red Deer",-113.7654,52.24095,7.0,0
1,2019,"Edmonton",-113.5626,53.56441,8.0,1
1,2019,"Colville Lake",-126.8131,65.27926,5.0,0
1,2019,"Edmonton",-113.4988,53.54445,7.0,0
1,2019,"Edmonton",-113.4646,53.486,9.0,1
1,2019,"Sherwood Park",-113.3681,53.54823,9.0,1
1,2019,"Fort Saskatchewan",-113.2228,53.69874,9.0,0
1,2019,"Lavoy",-112.8802,53.76036,7.0,0
1,2019,"Lavoy",-112.8681,53.68238,6.0,0
1,2019,"Lethbridge",-112.8006,49.71621,5.0,1
1,2019,"Colville Lake",-111.8932,60.00455,7.0,0
3,2018,"Saltillo",-101.0,25.4167,21.0,0
3,2018,"Celaya",-100.8397,20.5375,21.0,0
3,2018,"San Miguel de Allende",-100.7438,20.91476,12.0,0
3,2018,"San Luis de la Paz",-100.5233,21.29586,11.0,0
3,2018,"El Pueblito",-100.4456,20.55611,12.0,0
3,2018,"Santiago de Querétaro",-100.3947,20.58722,14.0,0
3,2018,"Santiago de Querétaro",-100.3833,20.6,13.0,0
3,2018,"Monterrey",-100.3167,25.6667,23.0,0
3,2018,"San Nicolás de los Garza",-100.3097,25.73,23.0,0
3,2018,"Toluca",-99.6573,19.2839,31.0,0
3,2018,"Toluca",-99.65642,19.27808,26.0,0
3,2018,"Toluca",-99.63429,19.32722,38.0,0
3,2018,"Metepec",-99.59519,19.27019,30.0,0
3,2018,"Tula",-99.34006,20.05378,18.0,0
3,2017,"Mexico City",-99.26287,19.35736,19.79956,0
3,2018,"Cuernavaca",-99.25,18.9167,19.0,0
3,2018,"Cuernavaca",-99.2349,18.92182,19.0,0
3,2018,"Atitalaquia",-99.22194,20.06,19.0,0
3,2018,"Atotonilco de Tula",-99.21889,20.00667,32.0,0
3,2018,"Mexico City",-99.1419,19.4273,22.0,0
3,2018,"Tizayuca",-98.98133,19.84058,18.0,0
3,2018,"Pachuca",-98.73675,20.12336,14.0,0
3,2018,"Puebla",-98.22453,19.06272,21.0,0
3,2018,"Puebla",-98.21422,19.04139,19.0,0
3,2018,"Puebla",-98.15172,19.07189,16.0,0
3,2018,"Poza Rica",-97.44699,20.50897,13.0,0
3,2018,"Xalapa",-96.88188,19.53009,18.0,0
3,2018,"Oaxaca",-96.7167,17.05,22.0,0
3,2018,"Minatitlán",-94.55534,18.00568,17.0,0
3,2018,"Villahermosa",-92.9167,17.9833,13.0,0
3,2018,"Mérida",-89.6167,20.9667,15.0,0
3,2017,"La Marquesa",-99.38052,19.29197,14.40578,0
3,2018,"Mexico City",-99.20766,19.2721,19.0,0
3,2018,"Tlalnepantla de Baz",-99.2046,19.52908,24.0,0
3,2018,"Mexico City",-99.20414,19.32515,19.0,0
3,2018,"Mexico City",-99.2026,19.40405,23.0,0
3,2018,"Mexico City",-99.1761,19.3262,21.0,0
3,2017,"Mexico City",-99.16979,19.4684,25.7516,0
3,2017,"Ciudad de México",-99.16246,19.15467,21.33125,0
3,2018,"Mexico City",-99.15897,19.37161,23.0,0
3,2018,"Mexico City",-99.15221,19.41162,22.0,0
3,2018,"Mexico City",-99.11959,19.42461,23.0,0
3,2018,"Mexico City",-99.10363,19.30444,23.0,0
3,2018,"Mexico City",-99.09452,19.4827,25.0,0
3,2018,"Ecatepec de Morelos",-99.0824,19.526,28.0,0
3,2018,"Mexico City",-99.07388,19.36079,20.0,0
3,2018,"Ecatepec de Morelos",-99.03032,19.53297,20.0,0
3,2018,"Ciudad Nezahualcóyotl",-99.02821,19.39373,24.0,0
3,2017,"Santa Ana Tlacotenco",-98.99019,19.1769,19.69361,0
3,2018,"Tijuana",-116.9769,32.4975,21.0,0
3,2018,"Tijuana",-116.9213,32.52946,20.0,0
3,2018,"Mexicali",-115.5064,32.63972,27.0,0
3,2017,"Mexicali",-115.505,32.63367,24.92071,1
3,2017,"Mexicali",-115.4478,32.62922,19.57492,1
3,2018,"Mexicali",-115.4447,32.64778,24.0,0
3,2018,"Tepic",-104.9102,21.50981,15.0,0
3,2018,"Torreón",-103.4333,25.55,30.0,0
3,2018,"La Unión del Cuatro",-103.3772,20.52915,25.0,0
3,2018,"Guadalajara",-103.3333,20.6667,25.0,0
3,2018,"Aguascalientes",-102.2958,21.88378,17.0,0
3,2018,"Aguascalientes",-102.2884,21.84639,33.0,0
3,2018,"León",-101.68,21.13333,20.0,0
3,2018,"León",-101.6361,21.10306,20.0,0
3,2018,"Guanajuato",-101.2574,21.01758,11.0,0
3,2018,"Salamanca",-101.2047,20.55806,22.0,0
3,2018,"Valle de Santiago",-101.1981,20.42528,15.0,0
2,2017,"Louisville",-85.81566,38.23319,8.743749,0
2,2019,"Ashland",-85.80361,33.28493,7.550467,0
2,2019,"Louisville",-85.7119,38.1936,9.930663,1
2,2017,"Grand Rapids",-85.67912,42.95612,9.145833,1
2,2019,"Grand Rapids",-85.67134,42.98417,7.665917,1
2,2019,"Charlestown",-85.66412,38.39382,7.312778,0
2,2019,"Louisville",-85.65452,38.22876,8.836488,0
2,2018,"Mountlake Terrace",-122.3167,47.8064,5.957669,0
2,2019,"Anderson",-85.65218,40.1257,8.433518,0
2,2019,"Larwill",-85.62929,41.16965,8.154616,0
2,2019,"Kalamazoo",-85.54189,42.27807,7.063646,1
2,2019,"Cookeville",-85.49211,36.1857,6.259444,0
2,2019,"Rehobeth",-85.39079,31.22478,8.115652,1
2,2019,"Muncie",-85.38791,40.1995,8.335,0
2,2019,"Chattanooga",-85.29302,35.05092,8.001847,1
2,2019,"Chattanooga",-85.24293,34.99438,7.984298,1
2,2016,"Braswell",-85.04534,33.9285,7.318103,0
2,2019,"Merritt",-84.89186,44.31056,5.787156,0
2,2017,"Cleves",-84.69086,39.21487,8.197691,0
2,2019,"Stab",-84.61152,37.09798,7.020661,0
2,2019,"Athens",-84.59619,35.45011,7.378431,1
2,2019,"Fairfield",-84.5666,39.33839,8.7197,1
2,2019,"Cincinnati",-84.55117,39.10492,8.752244,1
2,2019,"Harriman",-84.5428,35.93908,7.055899,0
2,2017,"Lansing",-84.53463,42.73862,7.210924,1
2,2019,"Cincinnati",-84.50404,39.12886,8.682603,1
2,2019,"Lexington",-84.49761,38.06503,7.871449,0
2,2019,"Cincinnati",-84.47897,39.19433,9.174473,0
2,2019,"COLD SPRGS HI",-84.47445,39.02188,7.695393,0
2,2019,"Middletown",-84.39711,39.47869,10.79341,0
2,2019,"Middletown",-84.39495,39.47244,11.95583,0
2,2019,"Cincinnati",-84.36625,39.2787,9.011233,0
2,2019,"Middletown",-84.36374,39.49072,9.260295,0
2,2019,"Tallahassee",-84.34639,30.43972,7.672917,0
2,2016,"Loudon",-84.31706,35.74454,9.804237,0
2,2017,"Richmond",-84.28495,37.73846,7.443363,1
2,2019,"Dayton",-84.19867,39.75597,8.882665,1
2,2019,"Lima",-84.0539,40.77094,7.748933,0
2,2019,"Knoxville",-84.03598,35.9446,7.337854,0
2,2019,"Knoxville",-83.95067,35.97807,8.175424,1
2,2019,"Tecumseh",-83.94656,41.99557,8.439944,0
2,2019,"Maryville",-83.94215,35.76885,6.564543,0
2,2019,"Knoxville",-83.92577,35.98067,7.488136,1
2,2019,"Bay City",-83.89072,43.57139,6.785,1
2,2018,"Yellow Springs",-83.88705,39.80834,7.670103,0
2,2019,"Knoxville",-83.87381,36.01919,7.343333,0
2,2019,"Springfield",-83.80949,39.92882,8.864304,1
2,2019,"Middlesboro",-83.73694,36.60843,7.313115,0
2,2019,"Flint",-83.67016,43.04722,7.054602,1
2,2019,"Toledo",-83.64226,41.62057,7.72973,0
2,2019,"Ypsilanti",-83.5996,42.24056,7.779981,1
2,2019,"Toledo",-83.54616,41.64407,8.136667,1
2,2016,"Toledo",-83.47833,41.66257,8.184348,1
2,2019,"Bryson City",-83.44213,35.43477,7.159337,0
2,2018,"Livonia",-83.42626,42.42306,7.587619,0
2,2018,"Livonia",-83.42504,42.4215,9.094262,1
2,2017,"Monroe",-83.34573,41.92358,7.685345,1
2,2016,"Gordon",-83.33378,32.88183,9.494872,0
2,2019,"Whittier",-83.27793,35.46677,6.461121,0
2,2019,"Mountain Rest",-83.2377,34.80526,6.293174,0
2,2019,"Hazard",-83.20932,37.28329,7.239851,0
2,2019,"Allen Park",-83.2082,42.22862,8.455983,0
2,2019,"Oak Park",-83.1832,42.46306,7.757759,0
2,2018,"Riverview",-83.1539,42.18729,8.043966,0
2,2019,"Dearborn",-83.14875,42.30667,9.578747,0
2,2019,"Detroit",-83.10653,42.30279,11.67032,1
2,2018,"Detroit",-83.09603,42.35781,8.878151,1
2,2016,"Detroit",-83.06847,42.32334,8.403858,1
2,2019,"Detroit",-83.00014,42.43084,7.60087,0
2,2018,"Columbus",-82.99344,39.99875,8.27,1
2,2019,"Fultz",-82.9881,38.23887,5.683471,0
2,2018,"Columbus",-82.9801,39.92853,8.607317,1
2,2019,"Columbus",-82.95977,40.0877,8.777119,0
2,2019,"Lenox",-82.79346,42.73139,7.3,0
2,2018,"Clearwater",-82.78215,27.98628,6.826957,0
2,2016,"Crystal River",-82.64438,28.98056,5.61962,0
2,2019,"Summit",-82.64041,38.45934,7.755587,0
2,2019,"Pikeville",-82.53532,37.4826,6.590333,1
2,2019,"Kingsport",-82.5216,36.53876,7.059664,0
2,2019,"Sarasota",-82.50722,27.29056,6.827198,1
2,2019,"Port Huron",-82.45623,42.95334,7.623077,0
2,2018,"Huntington",-82.4259,38.42413,8.125184,0
2,2018,"Gainesville",-82.38778,29.70611,5.849174,0
2,2019,"Simpsonville",-82.2567,34.75185,7.251984,0
2,2019,"Dover",-82.2304,27.96565,7.159322,0
2,2019,"Bristol",-82.1641,36.608,6.487179,0
2,2019,"Lorain",-82.11426,41.46307,7.111291,0
2,2019,"Spruce Pine",-82.06208,35.91249,5.53964,0
2,2019,"Lakeland",-81.97222,28.02889,7.741193,0
2,2019,"Spartanburg",-81.9248,34.95557,7.48486,1
2,2019,"Medina",-81.9239,41.0604,7.790603,0
2,2019,"Chesterhill",-81.90883,39.44217,6.396763,0
2,2019,"Fort Myers",-81.87791,26.60202,7.38,0
2,2019,"Brook Park",-81.81867,41.39629,7.389167,0
2,2019,"South Charleston",-81.69372,38.36618,7.336975,0
2,2019,"Cleveland",-81.68238,41.47701,9.127492,1
2,2019,"Cleveland",-81.67845,41.49212,9.431606,1
2,2019,"Cleveland",-81.65679,41.47178,9.22314,1
2,2016,"Jacksonville",-81.6354,30.35634,7.872424,0
2,2019,"Jacksonville",-81.63398,30.1358,6.626891,0
2,2019,"Charleston",-81.62116,38.34626,6.986555,1
2,2019,"Jacksonville",-81.60683,30.26278,8.622384,0
2,2019,"Cleveland",-81.57526,41.55523,7.060331,1
2,2019,"Parkersburg",-81.55237,39.32353,7.771698,0
2,2019,"Jacksonville",-81.54778,30.35472,6.776695,0
2,2019,"Akron",-81.46896,41.06353,8.353002,0
2,2019,"Hickory",-81.36556,35.72889,8.300278,0
2,2019,"Winter Park",-81.3625,28.59639,6.527299,1
2,2019,"Lake Mary",-81.31056,28.74611,6.268447,0
2,2019,"Painesville",-81.24216,41.72681,6.518333,1
2,2019,"Ravenna",-81.2352,41.1644,7.515238,1
2,2019,"Columbia",-81.15495,34.05102,8.174336,0
2,2019,"Daytona Beach",-81.0525,29.20667,7.494895,0
2,2019,"Columbia",-80.9623,34.09396,7.645113,0
2,2016,"Charlotte",-80.88865,35.3041,8.700847,1
2,2017,"Charlotte",-80.86698,35.15128,8.292455,1
2,2019,"Warren",-80.80116,41.23172,7.855177,1
2,2019,"Charlotte",-80.78568,35.2401,8.339823,1
2,2019,"Shadyside",-80.7464,39.9679,8.658065,1
2,2019,"Moundsville",-80.73386,39.91596,9.224576,0
2,2019,"Overbrook",-80.70097,40.11488,8.102542,1
2,2019,"Youngstown",-80.64528,41.11111,7.483333,1
2,2018,"Melbourne",-80.62861,28.05361,5.423529,1
2,2019,"Weirton",-80.61181,40.39465,9.437504,0
2,2019,"Follansbee",-80.59664,40.34102,9.486441,0
2,2018,"Weirton",-80.59232,40.42737,7.828333,0
2,2019,"Farrell",-80.48478,41.21501,7.995822,1
2,2019,"Homestead",-80.48278,25.47194,6.595726,0
2,2019,"Paris",-80.42083,40.44528,8.965951,0
2,2019,"LAUREL PARK",-80.34225,39.27812,7.27027,1
2,2019,"Miami Gardens",-80.32639,25.94194,6.361739,0
2,2019,"Beaver Falls",-80.31644,40.7478,9.457685,1
2,2019,"Waynesburg",-80.26567,39.80933,6.413603,0
2,2017,"Washington",-80.26139,40.17056,8.166071,0
2,2019,"Davie",-80.25694,26.05389,6.415443,0
2,2019,"Miami",-80.21556,25.79422,7.267218,1
2,2019,"Patrick",-80.19879,34.61537,7.121698,0
2,2019,"Coconut Creek",-80.17639,26.29417,6.883036,0
2,2019,"McDonald",-80.16994,40.37564,7.671304,0
2,2019,"Pleasant Valley",-80.13467,39.48148,7.621212,1
2,2019,"Delray Beach",-80.09278,26.45694,5.930357,1
2,2019,"Salem",-80.08102,37.29788,6.670339,0
2,2019,"Avalon",-80.07134,40.49977,9.267959,0
2,2019,"North Charleston",-80.06501,32.98025,7.069304,0
2,2019,"Erie",-80.03861,42.14175,7.502711,0
2,2019,"McCandless",-80.02167,40.60662,6.813793,0
2,2019,"Pittsburgh",-79.96076,40.46542,9.841876,0
2,2019,"Charleston",-79.95869,32.79098,6.93697,1
2,2019,"Morgantown",-79.92087,39.64937,7.198246,0
2,2019,"North Charleroi",-79.90222,40.14667,7.175528,0
2,2019,"Clairton",-79.88533,40.29434,7.891379,0
2,2019,"Vinton",-79.88452,37.28342,6.32521,0
2,2019,"McKeesport",-79.86806,40.32377,12.80269,0
2,2019,"Pittsburgh",-79.86357,40.43743,10.81813,0
2,2019,"Rankin",-79.86097,40.40233,9.875,0
2,2019,"Florence",-79.76735,34.21426,7.714407,0
2,2019,"San Jose",-121.8949,37.3485,8.481184,1
2,2019,"Natrona Heights",-79.72766,40.61749,8.633913,0
2,2019,"Kittanning",-79.56475,40.81418,7.69209,0
2,2019,"Greensburg",-79.50567,40.30469,6.959118,0
2,2019,"Van Buren Bay",-79.31881,42.49963,5.929565,1
2,2019,"Lynchburg",-79.21501,37.33271,6.307407,0
2,2019,"Midland",-79.012,39.70595,5.573034,0
2,2019,"Fayetteville",-78.95311,35.04142,7.599276,1
2,2017,"Johnstown",-78.915,40.30972,11.77237,1
2,2019,"Durham",-78.90404,36.03296,7.676927,0
2,2019,"Harrisonburg",-78.81952,38.47753,7.061983,0
2,2019,"Buffalo",-78.80953,42.87691,7.031304,1
2,2019,"Buffalo",-78.77153,42.99328,6.099166,0
2,2019,"Cheektowaga",-78.76583,42.92111,7.053153,1
2,2019,"Raleigh",-78.57417,35.85611,8.872785,0
2,2019,"Charlottesville",-78.50397,38.07657,6.393103,0
2,2019,"Altoona",-78.37083,40.53528,9.358306,0
2,2019,"Clear Brook",-78.08157,39.28102,7.27835,0
2,2019,"Martinsburg",-77.96385,39.4481,8.833913,0
2,2019,"State College",-77.87703,40.81139,9.822099,0
2,2019,"Castle Hayne",-77.83861,34.36417,3.840129,0
2,2019,"Hagerstown",-77.72024,39.56418,6.950141,0
2,2019,"Glen Allen",-77.5664,37.67132,6.831624,0
2,2019,"Rochester",-77.55728,43.14501,6.528704,1
2,2019,"Rochester",-77.54817,43.14618,6.365667,1
2,2019,"Ashburn",-77.48925,39.02473,7.218333,0
2,2019,"Richmond",-77.46925,37.59088,8.145243,1
2,2016,"Richmond",-77.45118,37.43467,7.4048,0
2,2019,"Richmond",-77.40027,37.55652,6.831148,0
2,2018,"Biglerville",-77.30968,39.92002,7.213245,0
2,2019,"Charles City",-77.25925,37.34438,6.647414,0
2,2019,"Addison",-77.20978,42.09142,5.254481,0
2,2019,"Carlisle",-77.18675,40.24653,9.578654,0
2,2019,"Rockville",-77.10688,39.11431,6.081461,0
2,2019,"Franconia",-77.10468,38.77335,7.208659,0
2,2019,"Arlington",-77.05922,38.8577,7.735861,1
2,2019,"Washington",-77.01318,38.92185,7.869895,1
2,2019,"Washington",-76.95807,38.89557,8.267328,1
2,2017,"Canton",-76.93917,41.64472,10.10695,0
2,2019,"Calverton",-76.87833,39.05528,6.934143,0
2,2019,"Harrisburg",-76.84699,40.24699,8.416749,0
2,2019,"Laurel",-76.84611,39.14313,7.442135,0
2,2016,"UPPR MARLBORO",-76.74417,38.81194,6.7,0
2,2017,"York",-76.69944,39.96528,8.999413,0
2,2017,"Baltimore",-76.68538,39.34465,7.134711,1
2,2016,"Glen Burnie",-76.62793,39.16953,8.178689,0
2,2019,"Baltimore",-76.6046,39.29773,8.387778,1
2,2016,"Baltimore",-76.54686,39.28777,8.538655,1
2,2019,"Monroe",-76.51273,41.70523,7.332471,0
2,2019,"Essex",-76.47444,39.31083,8.271186,0
2,2019,"Hampton",-76.38702,37.10373,6.33005,0
2,2019,"Lebanon",-76.38345,40.33733,8.744029,0
2,2019,"Norfolk",-76.30135,36.85555,7.063025,1
2,2019,"Edgewood",-76.29695,39.41019,7.028045,0
2,2019,"Lancaster",-76.28333,40.04667,9.037719,0
2,2019,"Virginia Beach",-76.18123,36.84188,6.788696,0
2,2019,"Cambridge",-76.14101,38.58752,5.934181,0
2,2019,"Gordonville",-76.1124,40.04383,10.29941,0
2,2019,"East Syracuse",-76.05921,43.05235,5.839161,0
2,2019,"Reading",-75.9686,40.38335,8.611302,0
2,2019,"Millington",-75.79732,39.30502,5.950712,0
2,2019,"Avondale",-75.76824,39.83446,8.674998,0
2,2019,"Newark",-75.7613,39.69196,7.488119,0
2,2019,"Bear",-75.732,39.5513,7.803014,0
2,2017,"Scranton",-75.62306,41.44278,8.581548,0
2,2019,"Blades",-75.6106,38.6539,7.606575,0
2,2019,"Delaware City",-75.6036,39.57768,6.832055,0
2,2019,"Wilmington",-75.55806,39.73944,8.274048,1
2,2019,"Felton",-75.5568,38.98667,7.593388,0
2,2019,"Dover",-75.51806,39.155,6.246667,0
2,2019,"Wilmington",-75.49194,39.76111,6.955446,0
2,2019,"Allentown",-75.4325,40.61194,8.497947,0
2,2017,"UPPR CHICHSTR",-75.41397,39.81871,8.235673,1
2,2019,"Chester",-75.3725,39.83556,9.645502,1
2,2019,"Freemansburg",-75.34111,40.62806,8.194689,0
2,2017,"Swiftwater",-75.32328,41.08306,7.234925,0
2,2019,"PLYMOUTH MTNG",-75.30917,40.11222,7.551695,0
2,2016,"Greenwich Township",-75.28472,39.83081,7.448214,0
2,2019,"Philadelphia",-75.18692,39.92287,8.442814,1
2,2018,"Philadelphia",-75.09778,40.00889,8.002228,1
2,2019,"Philadelphia",-75.08083,39.99139,8.070741,1
2,2019,"Pennsauken Township",-75.05001,39.98904,6.746154,0
2,2019,"Millville",-75.0252,39.42227,7.798476,0
2,2019,"Darrington",-121.6031,48.2469,5.855056,1
2,2019,"Trenton",-74.76317,40.22241,7.609585,1
2,2019,"Chester",-74.6763,40.78763,5.553097,0
2,2019,"Galloway",-74.44874,39.46487,6.495285,0
2,2019,"Atlantic City",-74.431,39.36326,6.537391,1
2,2019,"East Brunswick",-74.42944,40.46218,7.329149,0
2,2019,"Rahway",-74.27617,40.60394,6.953453,0
2,2019,"Newark",-74.19289,40.72099,8.408746,1
2,2019,"Toms River",-74.17045,39.99491,6.25942,0
2,2019,"Paterson",-74.16809,40.91838,7.673451,1
2,2019,"New York",-74.13719,40.63307,7.566379,1
2,2019,"Union City",-74.03622,40.77091,7.866071,1
2,2019,"Newburgh",-74.00885,41.49916,5.826271,1
2,2019,"New York",-73.99518,40.71436,8.613223,1
2,2018,"New York",-73.984,40.73,10.38033,1
2,2019,"Fort Lee",-73.97331,40.85226,7.137288,1
2,2019,"New York",-73.94771,40.71961,7.592373,0
2,2019,"New York",-73.93432,40.7997,7.110006,1
2,2019,"New York",-73.902,40.816,7.953461,1
2,2019,"New York",-73.87809,40.8679,7.01157,1
2,2019,"Wilmington",-73.8589,44.39308,2.846,0
2,2019,"New York",-73.82153,40.73614,6.293738,1
2,2019,"Albany",-73.75733,42.68075,5.098305,0
2,2019,"Albany",-73.75464,42.64225,6.373281,1
2,2019,"Danbury",-73.44306,41.39917,7.017274,0
2,2019,"South Farmingdale",-73.41919,40.74529,6.408036,0
2,2019,"Litchfield",-73.29726,41.82134,4.399482,0
2,2017,"Pittsfield",-73.25509,42.45202,8.10118,1
2,2017,"Pittsfield",-73.25411,42.44801,5.821,0
2,2019,"Woodford",-73.24984,42.88759,5.627451,0
2,2016,"Burlington",-73.21444,44.48028,5.487739,1
2,2019,"Burlington",-73.2106,44.4762,6.629086,1
2,2019,"Bridgeport",-73.19472,41.17083,6.935663,1
2,2019,"Waterbury",-73.04361,41.55056,7.082862,1
2,2019,"Mendon",-72.98278,43.60806,6.77538,1
2,2019,"New Haven",-72.90287,41.3014,6.968208,1
2,2019,"Underhill",-72.86884,44.52839,3.936697,0
2,2019,"Hartford",-72.67992,41.77144,6.957393,1
2,2019,"East Hartford",-72.63167,41.78472,5.987857,0
2,2019,"Greenfield",-72.59669,42.60582,6.021722,0
2,2017,"Springfield",-72.5908,42.10899,6.529703,1
2,2019,"Chicopee",-72.55511,42.19438,4.917672,0
2,2019,"Ware",-72.33408,42.29849,5.512931,0
2,2019,"Lebanon",-72.3095,43.6296,4.866944,1
2,2019,"Roxbury",-72.27233,42.93052,5.49652,1
2,2016,"Sacramento",-121.4585,38.55633,6.930392,1
2,2019,"Groton",-72.07882,41.35362,5.766055,0
2,2019,"Peterborough",-71.87863,42.86183,3.173322,0
2,2016,"Worcester",-71.79837,42.2601,5.438983,1
2,2019,"Worcester",-71.79432,42.26396,6.663673,1
2,2019,"West Greenwich",-71.72,41.61524,3.936103,0
2,2019,"Laconia",-71.49634,43.56612,3.745091,0
2,2019,"Narragansett",-71.4237,41.49511,3.922701,0
2,2019,"Providence",-71.41746,41.8295,8.308523,1
2,2019,"Londonderry",-71.38014,42.86253,4.529515,0
2,2019,"Pawtucket",-71.37997,41.87467,6.041707,1
2,2019,"East Providence",-71.36097,41.84104,5.380566,0
2,2019,"Fall River",-71.16924,41.68571,6.70495,0
2,2016,"Lawrence",-71.16441,42.69821,5.242478,1
2,2019,"Haverhill",-71.10229,42.77084,5.100465,0
2,2019,"Boston",-71.09716,42.34887,5.702632,1
2,2019,"Boston",-71.0826,42.3295,6.618055,1
2,2019,"Boston",-71.05606,42.32519,6.587588,1
2,2017,"Boston",-71.0543,42.3631,7.716832,1
2,2019,"Brockton",-71.01213,42.06511,5.793417,0
2,2019,"Lynn",-70.97082,42.47464,6.547354,1
2,2019,"Portsmouth",-70.74802,43.07537,5.131997,1
2,2019,"Rumford",-70.54632,44.55142,4.593666,0
2,2019,"Portland",-70.26896,43.66025,6.557961,1
2,2019,"Portland",-70.25618,43.67799,6.581034,1
2,2019,"Lewiston",-70.21422,44.08941,5.120423,1
2,2018,"Chelsea",-69.78672,44.31232,5.129483,0
2,2019,"Madawaska",-68.32111,47.35533,5.678001,1
2,2019,"Bar Harbor",-68.2609,44.37705,3.312041,0
2,2019,"Lihue",-159.3662,21.9496,2.906471,0
2,2019,"Kapolei",-158.0886,21.32374,2.698094,0
2,2019,"Pearl City",-157.9691,21.39283,3.274095,1
2,2019,"Honolulu",-157.8712,21.30338,3.862155,1
2,2019,"Honolulu",-157.8554,21.30758,3.23477,1
2,2019,"Kahului",-156.4936,20.86963,3.413313,1
2,2019,"Kihei",-156.4464,20.781,4.15042,0
2,2016,"Paia",-156.3703,20.90203,4.411048,0
2,2019,"Kealakekua",-155.9134,19.50978,2.335191,0
2,2019,"Ocean View",-155.7781,19.11756,2.562197,0
2,2019,"Pahala",-155.4802,19.2039,2.662159,0
2,2019,"Hilo",-155.1105,19.71756,3.228702,0
2,2019,"Mountain View",-155.102,19.55544,1.642577,0
2,2019,"Palmer",-149.0317,61.53416,6.2825,0
2,2019,"Fairbanks",-147.7274,64.84569,9.469461,1
2,2018,"Fairbanks",-147.7225,64.84067,7.431538,1
2,2019,"Juneau",-134.5672,58.3885,6.821739,0
2,2017,"Eureka",-124.2014,40.71528,5.358907,0
2,2019,"Eureka",-124.1795,40.77678,6.78785,0
2,2019,"Willits",-123.3526,39.41174,5.294633,1
2,2019,"Grants Pass",-123.3485,42.43414,9.546667,0
2,2019,"Ukiah",-123.2065,39.15047,6.005014,0
2,2019,"Eugene",-123.1414,44.06722,7.953719,1
2,2019,"Eugene",-123.0837,44.02631,6.972557,1
2,2019,"Curtin",-123.0535,43.7995,7.338333,1
2,2016,"Lakeport",-122.9223,39.0327,2.985246,0
2,2019,"Lakeport",-122.9133,39.01893,3.141667,0
2,2019,"Medford",-122.8803,42.33155,8.743697,1
2,2017,"Medford",-122.8792,42.31411,16.19651,1
2,2019,"Freestone",-122.8183,38.40376,5.678134,1
2,2019,"Portland",-122.7479,45.3935,6.851667,0
2,2019,"Yreka",-122.6336,41.72689,5.822253,0
2,2018,"Bremerton",-122.6274,47.59267,4.641954,0
2,2019,"Anacortes",-122.6143,48.52059,5.50885,1
2,2019,"Portland",-122.6029,45.49664,6.486777,0
2,2019,"Vancouver",-122.5874,45.64336,7.096901,0
2,2019,"Oakridge",-122.4805,43.74435,9.198165,0
2,2019,"Tacoma",-122.4626,47.22634,6.530421,1
2,2019,"Bellingham",-122.4565,48.76004,4.547658,0
2,2017,"Bellingham",-122.4403,48.76278,5.288047,0
2,2019,"San Francisco",-122.399,37.76595,7.667409,1
2,2019,"Redding",-122.3809,40.55013,6.628302,0
2,2019,"HILLTOP MALL",-122.3568,37.9604,7.786325,1
2,2019,"Seattle",-122.3383,47.55975,8.294493,0
2,2019,"Seattle",-122.3197,47.59722,7.375978,1
2,2019,"Seattle",-122.3086,47.56824,5.581868,1
2,2019,"Berkeley",-122.3027,37.86477,9.388636,1
2,2017,"Napa",-122.2962,38.31094,13.72813,1
2,2019,"Oakland",-122.2823,37.81478,7.770028,1
2,2019,"Williams",-122.2818,39.02122,6.16,0
2,2019,"Napa",-122.275,38.27885,5.923099,0
2,2019,"Oakland",-122.2634,37.79362,7.390028,1
2,2019,"Red Bluff",-122.2556,40.17093,5.429462,0
2,2019,"Vallejo",-122.238,38.10251,8.714944,1
2,2019,"Kent",-122.2303,47.38611,5.435636,1
2,2019,"Redwood City",-122.2034,37.48293,6.986047,0
2,2019,"Marysville",-122.1715,48.05432,8.528291,0
2,2019,"Oakland",-122.1699,37.74307,6.758449,1
2,2019,"Felton",-122.0831,37.06315,4.711047,0
2,2019,"Concord",-122.0262,37.93601,6.500046,0
2,2019,"Colusa",-121.9989,39.18919,7.022951,0
2,2019,"Santa Cruz",-121.9882,36.98332,6.505949,0
2,2019,"Pleasanton",-121.903,37.70122,6.332102,0
2,2019,"San Jose",-121.8498,37.33814,7.410894,1
2,2019,"Livermore",-121.7842,37.68753,6.35,1
2,2019,"Carmel Valley",-121.7333,36.48187,3.668436,0
2,2019,"Woodland",-121.7327,38.66121,7.715094,0
2,2019,"Klamath Falls",-121.7314,42.1903,9.307976,0
2,2019,"Salinas",-121.6233,36.69426,4.906561,1
2,2019,"Yuba City",-121.6185,39.13877,8.450142,0
2,2019,"Gilroy",-121.5747,36.99957,5.821944,0
2,2019,"Sacramento",-121.5038,38.59332,8.385965,1
2,2019,"Sacramento",-121.4931,38.56844,7.652101,1
2,2019,"Arden-Arcade",-121.368,38.61378,7.320693,0
2,2019,"Hollister",-121.3621,36.84343,4.918258,0
2,2019,"Stockton",-121.2685,37.95074,9.217078,1
2,2019,"Roseville",-121.265,38.74643,6.406356,0
2,2019,"Elk Grove",-121.2111,38.49448,4.778771,0
2,2018,"Folsom",-121.1645,38.6833,10.01033,0
2,2019,"King City",-121.1264,36.20929,5.523611,1
2,2019,"Auburn",-121.0996,38.93568,7.162606,0
2,2019,"Grass Valley",-121.0556,39.23348,5.235975,0
2,2019,"Modesto",-120.9942,37.64216,8.109188,1
2,2019,"Spring Garden",-120.9444,39.93957,7.72719,1
2,2019,"Prineville",-120.8448,44.29979,7.631897,0
2,2019,"Turlock",-120.836,37.48832,10.60778,0
2,2019,"San Andreas",-120.6803,38.20185,5.460947,0
2,2019,"San Luis Obispo",-120.6693,35.25651,5.285131,1
2,2019,"Atascadero",-120.6662,35.49453,4.197214,0
2,2019,"Arroyo Grande",-120.5878,35.04673,6.077247,0
2,2019,"Arroyo Grande",-120.5639,35.02083,7.004432,0
2,2019,"Yakima",-120.4992,46.59806,9.117813,1
2,2019,"Merced",-120.4805,37.30832,9.553333,1
2,2019,"Portola",-120.4707,39.81336,11.58119,0
2,2019,"Santa Maria",-120.4356,34.94287,4.816156,1
2,2019,"Merced",-120.4337,37.28185,9.18078,0
2,2019,"Mendota",-120.3823,36.63423,5.718475,0
2,2019,"Lakeview",-120.354,42.18921,6.632231,0
2,2019,"Toppenish",-120.3327,46.38024,9.83354,1
2,2019,"Truckee",-120.1846,39.32783,5.324107,1
2,2019,"Reno",-119.8077,39.52508,3.842969,1
2,2019,"Fresno",-119.7732,36.78538,11.09203,1
2,2019,"Sparks",-119.7468,39.54092,6.034722,0
2,2019,"Reno",-119.7396,39.39984,4.341111,0
2,2019,"Gardnerville",-119.7325,38.89756,3.841011,0
2,2019,"Sparks",-119.7188,39.62143,5.154875,0
2,2019,"Clovis",-119.7164,36.81945,10.17731,1
2,2019,"Santa Barbara",-119.6912,34.42777,6.831065,1
2,2019,"Friant",-119.6583,36.98512,6.310894,0
2,2019,"Hanford",-119.6434,36.31567,12.17221,0
2,2019,"Corcoran",-119.5657,36.10224,12.17604,0
2,2019,"Omak",-119.519,48.39999,7.487179,0
2,2019,"Visalia",-119.2912,36.33218,12.89734,1
2,2019,"Ojai",-119.2313,34.44806,4.713573,0
2,2019,"Oxnard",-119.1432,34.25239,6.565407,0
2,2019,"Lee Vining",-119.1203,37.96207,3.193805,0
2,2019,"Bakersfield",-119.0626,35.35661,11.62837,1
2,2019,"Lawen",-119.0487,43.58925,8.369835,1
2,2019,"Bakersfield",-119.015,35.38557,12.31157,1
2,2019,"Bakersfield",-118.9976,35.32464,12.90348,0
2,2019,"Crowley Lake",-118.9665,37.64571,6.925857,1
2,2019,"Thousand Oaks",-118.8705,34.21017,7.255307,0
2,2019,"Fillmore",-118.81,34.40428,6.269452,0
2,2019,"Simi Valley",-118.6837,34.27632,7.541615,0
2,2019,"Los Angeles",-118.5328,34.19925,9.188983,0
2,2019,"Bishop",-118.3308,37.36068,4.377963,0
2,2019,"Los Angeles",-118.2269,34.06659,10.65659,1
2,2019,"Long Beach",-118.2007,33.85966,12.11963,0
2,2019,"Long Beach",-118.1892,33.82376,9.018239,0
2,2019,"Long Beach",-118.1753,33.79236,9.932892,0
2,2019,"Mojave",-118.1473,35.05055,6.52274,0
2,2019,"Lake Los Angeles",-118.1305,34.66974,6.133889,1
2,2019,"Pico Rivera",-118.0685,34.01029,10.39741,0
2,2019,"Anaheim",-117.9385,33.83062,9.23129,0
2,2019,"Irwindale",-117.9239,34.1365,9.694973,0
2,2019,"Keeler",-117.871,36.48782,4.769109,0
2,2019,"Ridgecrest",-117.7151,35.64294,4.102778,1
2,2019,"Mission Viejo",-117.6759,33.63003,7.13964,0
2,2019,"Ontario",-117.6172,34.03083,14.16396,0
2,2019,"Jurupa Valley",-117.4924,33.99636,12.33971,0
2,2019,"Fontana",-117.492,34.10002,11.47391,0
2,2019,"Jurupa Valley",-117.416,33.99958,10.95747,0
2,2019,"Spokane",-117.3649,47.67248,7.634,1
2,2019,"Victorville",-117.3255,34.51096,7.302332,0
2,2019,"San Bernardino",-117.2741,34.10668,10.98469,0
2,2016,"San Diego",-117.1497,32.70149,9.548325,1
2,2019,"San Diego",-117.124,32.84571,6.734166,0
2,2019,"Pala",-117.0902,33.36259,13.75297,0
2,2019,"Temecula",-117.0886,33.44787,4.779583,0
2,2019,"Chula Vista",-117.0591,32.63124,8.202586,0
2,2019,"El Cajon",-116.9443,32.78957,8.52209,0
2,2019,"Big Bear",-116.8615,34.26464,5.756522,0
2,2019,"Banning",-116.8301,33.94471,7.305028,0
2,2019,"Saint Maries",-116.5713,47.31658,10.11492,1
2,2019,"Nampa",-116.5627,43.58031,6.860185,1
2,2019,"Ellensburg",-120.545,46.99364,6.987819,1
2,2019,"Palm Springs",-116.541,33.85275,6.073109,0
2,2016,"Boulevard",-116.3652,32.72523,4.942857,0
2,2019,"Meridian",-116.3479,43.6007,5.292345,1
2,2019,"Pinehurst",-116.2367,47.53639,9.638841,1
2,2019,"Indio",-116.2154,33.70853,7.369492,0
2,2019,"Indio",-116.1897,33.71969,7.219667,0
2,2019,"Twentynine Palms",-115.8201,33.74724,5.182182,0
2,2019,"El Centro",-115.5631,32.79222,7.938793,1
2,2019,"Libby",-115.5533,48.39155,11.55063,1
2,2019,"Brawley",-115.5392,32.97833,8.370085,1
2,2019,"Calexico",-115.4831,32.67618,10.00997,0
2,2017,"ENTERPRISE",-115.3622,36.35779,4.051873,0
2,2019,"Sloan",-115.3571,35.78567,3.942898,0
2,2019,"Las Vegas",-115.2533,36.10639,5.421727,0
2,2019,"Las Vegas",-115.2383,36.27059,4.790476,1
2,2019,"Las Vegas",-115.1757,36.13971,7.017778,1
2,2017,"Las Vegas",-115.123,36.19125,8.557184,1
2,2019,"Las Vegas",-115.1139,36.16396,7.537617,1
2,2019,"Las Vegas",-115.0787,36.14187,7.186779,1
2,2019,"Las Vegas",-115.0529,36.0487,5.284722,0
2,2019,"YPG",-114.6144,32.69028,7.930685,1
2,2019,"Frenchtown",-114.2243,47.01291,8.424656,0
2,2019,"Columbia Falls",-114.1893,48.36369,6.589476,0
2,2019,"Pinesdale",-114.1589,46.24362,4.612672,1
2,2019,"Salmon",-113.8903,45.1819,8.207826,0
2,2019,"Cedar City",-113.0555,37.74743,4.331781,0
2,2019,"Butte",-112.5012,46.0026,5.953562,1
2,2017,"Pocatello",-112.4558,42.97825,7.781641,0
2,2019,"Lake Point",-112.3534,40.60053,5.374436,0
2,2019,"Glendale",-112.1919,33.57453,6.382521,0
2,2019,"Phoenix",-112.1426,33.48378,7.790417,0
2,2019,"Phoenix",-112.1182,33.4265,8.404735,1
2,2019,"Magna",-112.1113,40.71215,5.785742,0
2,2019,"Phoenix",-112.0958,33.50383,7.341453,1
2,2017,"Magna",-112.0947,40.70861,7.404224,0
2,2019,"Phoenix",-112.0753,33.40314,7.457925,1
2,2019,"Phoenix",-112.0662,33.56031,6.315193,0
2,2019,"Maricopa",-112.037,32.88476,11.05948,0
2,2018,"Perry",-112.0189,41.49271,7.73785,0
2,2019,"Lompoc",-120.4575,34.63782,4.619774,1
2,2019,"Helena",-112.0131,46.65876,7.136952,0
2,2019,"Helena",-111.9872,46.8505,2.794043,0
2,2019,"Tempe",-111.968,33.39623,6.875342,1
2,2019,"Tempe",-111.9347,33.41123,5.783242,1
2,2019,"Murray",-111.9012,40.66288,9.003562,1
2,2019,"Cottonwood Heights",-111.8942,40.59806,7.616713,0
2,2019,"West Bountiful",-111.8845,40.90297,5.623611,0
2,2019,"Salt Lake City",-111.8722,40.73639,6.453435,0
2,2019,"Mesa",-111.8654,33.41018,5.19449,0
2,2019,"Preston",-111.8642,42.08222,5.793948,0
2,2019,"Scottsdale",-111.8554,33.48813,5.589974,0
2,2017,"Franklin",-111.8092,42.01333,7.603189,0
2,2019,"Casa Grande",-111.7522,32.87758,6.427885,1
2,2019,"Lindon",-111.7136,40.34139,5.800831,0
2,2017,"Provo",-111.6631,40.25361,6.472484,1
2,2019,"Apache Junction",-111.5032,33.42119,4.235345,0
2,2019,"West Yellowstone",-111.0896,44.65701,0.915,0
2,2019,"Tucson",-111.0384,32.32266,3.800291,0
2,2019,"Nogales",-110.9367,31.3372,8.590926,1
2,2019,"Yellowstone National Park",-110.8308,44.37306,1.830063,0
2,2019,"South Park",-110.798,43.45776,3.628503,0
2,2019,"Ballard",-110.0097,40.29418,6.126027,0
2,2019,"Pinedale",-109.8708,42.86982,2.767066,0
2,2019,"Naples",-109.5615,40.46471,5.140822,1
2,2019,"Douglas",-109.5397,31.3492,5.072269,1
2,2019,"Lewistown",-109.4553,47.04854,3.732165,0
2,2019,"Nazlini",-109.438,35.8804,2.459322,0
2,2019,"Rock Springs",-109.2209,41.59254,4.472359,1
2,2019,"Cody",-109.0693,44.52457,2.869021,0
2,2019,"Cody",-109.0167,44.52612,2.714234,1
2,2019,"Rangely",-108.7614,40.08694,7.894648,0
2,2019,"Lander",-108.7363,42.84217,7.655556,0
2,2019,"Grand Junction",-108.5612,39.0638,4.965374,1
2,2017,"Billings",-108.5115,45.7804,7.797846,1
2,2019,"Madera",-120.0342,36.95326,9.272492,0
2,2019,"Billings",-108.426,45.80631,5.904346,0
2,2019,"BTLMT MESA",-108.0261,39.43806,3.461096,0
2,2019,"Malta",-107.8625,48.31751,4.006298,0
2,2019,"Paonia",-107.6023,38.8764,3.725145,0
2,2019,"Shoshoni",-107.5494,43.08167,2.811905,0
2,2019,"Sheridan",-106.9643,44.78275,4.142001,0
2,2019,"Sheridan",-106.9559,44.81514,5.760498,1
2,2019,"Las Cruces",-106.7683,32.32204,4.872626,1
2,2019,"Santa Teresa",-106.6833,31.78788,6.366667,0
2,2019,"Albuquerque",-106.6574,35.01708,7.218458,0
2,2019,"Los Ranchos de Albuquerque",-106.6138,35.19324,6.656198,0
2,2019,"Albuquerque",-106.6047,35.1443,6.873699,0
2,2019,"Anthony",-106.5997,32.00371,6.982479,0
2,2019,"Sunland Park",-106.5844,31.79622,7.56477,0
2,2019,"Albuquerque",-106.5082,35.1852,4.221823,0
2,2019,"El Paso",-106.5012,31.76829,6.442857,1
2,2019,"Birney",-106.4898,45.36615,4.223267,0
2,2019,"El Paso",-106.4552,31.76569,8.17999,1
2,2019,"Bar Nunn",-106.3251,42.85106,3.825439,1
2,2017,"Bar Nunn",-106.2777,42.8463,3.884677,0
2,2019,"Santa Fe",-106.0797,35.61975,2.874294,0
2,2017,"Fairplay",-105.9831,39.24028,3.390857,0
2,2019,"Isla Vista",-119.8284,34.44551,5.012465,0
2,2019,"Laramie",-105.5917,41.31159,3.710056,1
2,2019,"Taos",-105.5839,36.38336,4.951977,0
2,2018,"Gillette",-105.5398,44.50268,4.862281,0
2,2019,"Douglas",-105.3886,43.42542,2.244413,0
2,2019,"Broadus",-105.3703,45.44029,5.265413,0
2,2019,"Gillette",-105.3432,44.09707,1.990871,0
2,2019,"Boulder",-105.2634,40.0211,5.789167,0
2,2019,"Longmont",-105.1009,40.16458,7.300983,1
2,2019,"Fort Collins",-105.0797,40.57129,5.967123,1
2,2019,"ROXBOROUGH",-105.0704,39.53449,5.646282,0
2,2019,"Littleton",-105.0195,39.6044,6.016102,0
2,2019,"Denver",-105.0052,39.77949,7.337312,1
2,2019,"Denver",-104.9876,39.75118,7.536803,1
2,2019,"Denver",-104.9399,39.73858,7.52274,1
2,2019,"Commerce City",-104.9384,39.82835,9.032963,0
2,2019,"Colorado Springs",-104.8286,38.84801,4.975429,1
2,2019,"Platteville",-104.824,40.20939,7.297521,0
2,2019,"Cheyenne",-104.8182,41.13685,3.749569,1
2,2019,"Cheyenne",-104.7783,41.18223,3.087132,0
2,2019,"Greeley",-104.7069,40.41488,9.031956,0
2,2019,"Lambert",-104.6769,47.8679,4.475,0
2,2019,"Pueblo",-104.5976,38.2761,4.721053,1
2,2019,"Carpenter",-104.5228,41.08536,3.423565,0
2,2016,"Sidney",-104.4856,47.80339,5.299577,0
2,2019,"Carson City",-119.7661,39.1447,4.186679,1
2,2016,"Newcastle",-104.2043,43.84989,2.98,0
2,2019,"Scottsbluff",-103.6566,41.87685,4.835398,0
2,2019,"Williston",-103.6395,48.15278,4.027451,0
2,2019,"Hot Springs",-103.4839,43.55764,2.649025,0
2,2019,"Fryburg",-103.3785,46.8943,3.431667,0
2,2019,"Silver City",-103.2738,44.0874,5.926286,1
2,2019,"Rapid City",-103.2282,44.07835,4.936496,1
2,2019,"Big Bend National Park",-103.1778,29.30265,5.642816,0
2,2019,"Oil Center",-103.1229,32.72666,7.517231,0
2,2019,"Dunn Center",-102.6459,47.34242,4.126197,0
2,2019,"Odessa",-102.3347,31.87026,7.637571,0
2,2019,"Interior",-101.9412,43.74561,3.666851,0
2,2019,"Amarillo",-101.9093,35.20159,5.142647,1
2,2019,"Lubbock",-101.787,33.58553,6.404545,1
2,2019,"Beulah",-101.7669,47.29861,4.561732,0
2,2019,"Ryder",-101.5716,47.94086,4.498592,0
2,2019,"Judson",-101.4281,47.18583,4.551268,0
2,2019,"Bismarck",-100.7682,46.82543,5.319043,0
2,2019,"Eagle Pass",-100.4512,28.70461,7.385207,1
2,2019,"Pierre",-100.2873,44.37379,3.269663,0
2,2019,"Laredo",-99.53333,27.59944,10.69499,0
2,2019,"San Antonio",-98.3914,29.52943,9.147619,1
2,2016,"Leander",-97.87508,30.48316,7.138889,0
2,2019,"Austin",-97.71289,30.2632,9.23914,1
2,2019,"Austin",-97.69166,30.35386,9.478223,1
2,2019,"Healdton",-97.46293,34.24419,7.714521,0
2,2019,"Corpus Christi",-97.43155,27.80449,8.759404,1
2,2019,"Temple",-97.43105,31.12242,8.392096,0
2,2018,"Fort Worth",-97.35653,32.80581,8.515044,1
2,2019,"Fort Worth",-97.34233,32.75915,8.276,1
2,2019,"Fresno",-119.733,36.72639,11.24474,1
2,2018,"Fort Worth",-97.33792,32.66475,8.524107,1
2,2019,"CORP CHRISTI",-97.29869,27.42698,8.331338,0
2,2019,"Blair",-96.14617,41.55121,6.512931,0
2,2017,"Ramona",-95.88262,36.51237,8.344505,0
2,2019,"Lenapah",-95.63229,36.91841,8.340616,0
2,2019,"Houston",-95.22058,29.768,9.914972,0
2,2017,"Overland Park",-94.74642,38.83857,5.464157,0
2,2019,"Cass Lake",-94.60166,47.38443,4.153143,0
2,2019,"Hamshire",-94.3178,29.86396,8.25043,0
2,2019,"Karnack",-94.16747,32.669,8.221429,0
2,2019,"Texarkana",-94.07778,33.43611,9.387393,1
2,2019,"El Dorado Springs",-94.03474,37.70097,7.53432,0
2,2019,"Port Arthur",-93.90902,29.92289,8.546629,0
2,2019,"Orange",-93.86694,30.19417,8.242535,0
2,2019,"Vinton",-93.57997,30.2278,6.790435,0
2,2019,"El Dorado",-92.67226,33.22056,9.054167,1
2,2019,"Monroe",-92.0462,32.50996,7.25,1
2,2019,"Lafayette",-92.04291,30.22611,7.953719,0
2,2019,"Crossett",-91.93921,33.13947,8.195,1
2,2019,"Newport",-91.18891,35.63728,8.169231,0
2,2016,"Muscatine",-91.06261,41.41439,7.679339,1
2,2019,"Gray",-90.77973,29.6793,7.475833,0
2,2019,"Cleveland",-90.73417,33.75084,9.057851,1
2,2019,"Hammond",-90.37721,30.50329,7.358423,0
2,2019,"Otterville",-90.34449,39.10144,7.939063,0
2,2019,"Kenner",-90.27283,30.04124,7.160656,0
2,2019,"Pontoon Beach",-90.13967,38.70453,10.41688,1
2,2019,"Marrero",-90.10984,29.90031,7.703306,1
2,2019,"Memphis",-90.04156,35.15119,8.450413,0
2,2019,"Chalmette",-89.97625,29.94316,7.783607,0
2,2019,"Memphis",-89.87065,35.16126,8.765599,1
2,2019,"Rockford",-89.08917,42.267,10.31493,1
2,2019,"Merna",-88.9969,40.51873,9.009994,0
2,2019,"Jackson",-88.81964,35.70532,7.513718,0
2,2019,"Waukesha",-88.21507,43.02007,8.824856,1
2,2019,"Joliet",-88.11647,41.52689,9.752078,0
2,2019,"Milwaukee",-87.9344,42.93266,8.420308,1
2,2019,"Milwaukee",-87.9135,43.06097,8.723288,1
2,2019,"Schiller Park",-87.87627,41.96519,10.84123,0
2,2017,"Des Plaines",-87.86322,42.06029,9.385674,0
2,2019,"Chicago",-87.74993,41.96549,9.1625,0
2,2019,"Chicago",-87.72267,41.91274,8.633929,0
2,2019,"Evansville",-87.57722,38.01333,8.058946,0
2,2019,"Lansing",-87.55741,41.57862,10.54178,1
2,2019,"Chicago",-87.53932,41.68717,9.141837,0
2,2019,"Hammond",-87.49504,41.59443,9.437375,0
2,2017,"Hammond",-87.47554,41.58639,8.209322,1
2,2019,"East Chicago",-87.44202,41.63595,8.752542,0
2,2019,"Loretto",-87.41972,35.11688,6.866667,0
2,2019,"Gary",-87.40658,41.57328,9.350413,1
2,2019,"Terre Haute",-87.40131,39.48599,9.185432,1
2,2019,"Clarksville",-87.38467,36.61141,6.784191,0
2,2019,"Gary",-87.34295,41.59847,8.718186,1
2,2019,"Gary",-87.30494,41.60666,8.248807,1
2,2019,"Dugger",-87.25897,39.04499,8.124138,0
2,2019,"Portage",-87.19917,41.6175,8.282371,0
2,2019,"Bloomfield",-86.99042,38.98548,7.709244,0
2,2019,"Jasper",-86.92967,38.3918,8.430252,1
2,2018,"Nashville",-86.7341,36.1424,9.191789,1
2,2019,"South Bend",-86.21472,41.69666,8.087715,1
2,2019,"Indianapolis",-86.11541,39.75885,9.493277,1
2,2019,"Indianapolis",-86.11444,39.81083,9.574935,0
2,2019,"Kokomo",-86.10969,40.48135,7.305523,1
2,2019,"Carmel",-86.07877,39.9288,10.15648,0
2,2019,"Elkhart",-85.96845,41.65716,8.189355,0
2,2017,"New Albany",-85.83297,38.30703,8.404195,0
2,2019,"Louisville",-85.82678,38.23158,10.06006,0
2,2018,"Jeffersonville",-85.74011,38.27772,9.1625,1
2,2019,"Jeffersontown",-85.5744,38.1825,9.19,0
2,2019,"Middletown",-85.52347,40.00954,7.679832,0
2,2016,"Rome",-85.3232,34.2605,9.284969,0
2,2019,"Rossville",-85.3009,34.9788,8.758464,0
2,2019,"Fort Wayne",-85.10182,41.09497,8.94051,0
2,2019,"Phenix City",-84.99965,32.43703,9.418426,0
2,2019,"Columbus",-84.9789,32.4842,9.083051,1
2,2019,"Columbus",-84.94464,32.52127,8.738983,0
2,2019,"Columbus",-84.9316,32.4297,8.621667,0
2,2019,"New Paris",-84.72052,39.83562,8.052235,0
2,2019,"Kennesaw",-84.60742,34.01544,8.647934,0
2,2019,"Lansing",-84.56278,42.76139,7.122857,1
2,2019,"Cincinnati",-84.53838,39.14603,11.03028,1
2,2019,"Atlanta",-84.43562,33.80224,9.09,0
2,2019,"Middletown",-84.40962,39.47982,9.221438,0
2,2019,"Atlanta",-84.3914,33.7784,9.516529,1
2,2019,"Forest Park",-84.39072,33.61084,8.694958,0
2,2019,"Loudon",-84.34304,35.72109,6.835577,0
2,2019,"Decatur",-84.2905,33.6878,8.900492,0
2,2019,"Albany",-84.0998,31.5776,10.19486,0
2,2019,"Lawrenceville",-84.0691,33.9632,10.80147,0
2,2019,"Gainesville",-83.8134,34.2993,9.347941,0
2,2019,"Macon",-83.641,32.77746,8.864234,0
2,2019,"Warner Robins",-83.5978,32.6056,9.032811,0
2,2019,"Dry Branch",-83.54349,32.80526,7.969903,0
2,2019,"Toledo",-83.4785,41.67987,8.838793,1
2,2019,"Athens",-83.34439,33.91814,9.669419,0
2,2019,"Valdosta",-83.2933,30.8486,7.527193,0
2,2017,"Detroit",-83.26619,42.386,11.25674,1
2,2019,"Detroit",-83.12943,42.29582,11.32865,1
2,2019,"Detroit",-83.10347,42.31208,11.00989,1
2,2019,"Detroit",-83.09194,42.31216,10.2135,1
2,2019,"Columbus",-83.06542,40.11107,9.678565,0
2,2019,"Columbus",-82.99442,40.00271,8.869912,1
2,2019,"Portsmouth",-82.91701,38.7546,6.753571,0
2,2016,"New Albany",-82.81558,40.08451,7.036612,0
2,2018,"Sandersville",-82.80687,32.96736,7.082645,0
2,2019,"Douglas",-82.74997,31.5131,7.18843,0
2,2019,"St. Petersburg",-82.73987,27.78587,7.659331,0
2,2019,"Coal Grove",-82.65924,38.50807,6.764348,0
2,2019,"Asheville",-82.5844,35.6062,5.98453,0
2,2019,"Huntington",-82.43244,38.41024,7.194527,0
2,2019,"Greenville",-82.41459,34.8439,8.115236,1
2,2019,"Micanopy",-82.26608,29.56611,6.725032,0
2,2019,"Augusta",-82.0224,33.4339,10.65627,0
2,2019,"Trenton",-81.85363,33.73996,7.673214,0
2,2019,"Newburgh Heights",-81.66236,41.44662,10.8042,1
2,2019,"Akron",-81.54153,41.08786,8.090833,1
2,2019,"Brunswick",-81.49504,31.16981,7.635455,0
2,2019,"WARRENSVL HTS",-81.49483,41.44013,8.401616,0
2,2019,"Canton",-81.39415,40.7868,8.897343,1
2,2019,"Canton",-81.373,40.80072,9.206091,1
2,2018,"Savannah",-81.16182,32.11068,6.933898,0
2,2019,"Savannah",-81.13022,32.09078,8.971069,1
2,2019,"Jewett",-80.9334,40.33293,7.575439,0
2,2019,"Rock Hill",-80.8745,34.9127,7.838611,0
2,2019,"Charlotte",-80.87408,35.21317,9.0675,1
2,2019,"Youngstown",-80.65847,41.09596,8.401818,1
2,2019,"Wintersville",-80.6158,40.3663,8.873373,1
2,2017,"Mingo Junction",-80.60795,40.31951,8.291964,1
2,2019,"Winston-Salem",-80.34196,36.02661,8.184757,0
2,2019,"Lexington",-80.2627,35.8145,8.301788,1
2,2019,"Canonsburg",-80.24399,40.26896,7.697554,0
2,2019,"Winston-Salem",-80.2245,36.11094,7.843922,1
2,2019,"West Palm Beach",-80.21962,26.68761,6.791615,0
2,2019,"Fort Lauderdale",-80.16982,26.13268,8.866097,1
2,2018,"Pompano Beach",-80.09635,26.29109,6.388034,0
2,2019,"Candor",-79.83664,35.26317,7.876487,0
2,2019,"Greensboro",-79.80231,36.10901,6.841292,1
2,2019,"Morrisville",-78.8197,35.8652,7.903835,0
2,2019,"Clayton",-78.4622,35.59095,8.086517,0
2,2019,"Chesterfield",-77.59355,37.35748,6.724786,0
2,2018,"Greenville",-77.36013,35.64128,6.08,0
2,2019,"Springfield",-77.18347,38.76835,9.136313,1
2,2019,"Washington",-77.01282,38.87516,7.929026,1
2,2019,"Washington",-76.95343,38.89477,8.830487,1
2,2019,"Cockeysville",-76.63354,39.46048,7.842455,0
2,2019,"Elkton",-75.86477,39.70298,6.398873,0
2,2019,"New Milford",-75.68622,41.86733,6.557102,0
2,2019,"East Greenwich Township",-75.21212,39.80034,7.138983,0
2,2019,"Philadelphia",-75.20721,39.98884,8.315634,1
2,2019,"Philadelphia",-75.14261,39.96005,7.329032,1
2,2019,"Camden",-75.12522,39.93456,9.587206,1
2,2019,"Knowlton Township",-75.06781,40.92458,7.129696,0
2,2019,"Philadelphia",-74.98517,40.05417,8.678616,1
2,2019,"Flemington",-74.80667,40.51526,7.785955,0
2,2019,"Lawrence Township",-74.74261,40.28309,7.566374,0
2,2019,"Elizabeth",-74.20837,40.64144,9.204553,0
2,2019,"Jersey City",-74.05229,40.72541,8.231328,1
2,2019,"Fort Lee",-73.96618,40.85355,10.96695,1
2,2019,"New York",-73.81769,40.73926,7.765812,1
2,2019,"Pittsfield",-73.23965,42.4523,6.220963,1
2,2019,"Florida",-73.11041,42.70222,6.202299,0
2,2019,"Springfield",-72.5845,42.12023,6.489831,1
2,2019,"Providence",-71.41297,41.80747,5.084956,1
2,2019,"Chelmsford",-71.30699,42.61209,6.944729,0
2,2019,"Veazie",-68.77276,44.8174,4.327853,1
2,2019,"Presque Isle",-68.0384,46.69842,3.481034,0
2,2019,"Presque Isle",-68.01619,46.6823,4.504125,1
2,2019,"Compton",-118.205,33.90139,11.02607,1
2,2019,"Pasadena",-118.1272,34.1326,8.925474,1
2,2019,"Anchorage",-149.8246,61.20586,8.029527,0
2,2019,"Jerome",-114.2525,42.68,3.927479,0
2,2019,"Missoula",-114.0215,46.84218,7.125289,0
2,2019,"Wenden",-113.5586,34.2439,3.259429,0
2,2019,"Hurricane",-113.3051,37.17912,4.525466,0
2,2019,"Fairbanks",-147.3103,64.76297,13.3196,0
2,2019,"Herriman",-112.0363,40.49639,4.402376,0
2,2019,"Salt Lake City",-111.931,40.78422,7.299418,0
2,2019,"Smithfield",-111.8522,41.84265,7.24111,0
2,2019,"Spanish Fork",-111.6605,40.13634,5.498404,0
2,2019,"Oro Valley",-110.9823,32.29515,4.001689,1
2,2019,"Lander",-108.72,42.53,2.481058,0
2,2019,"Albuquerque",-106.5852,35.1343,5.356212,1
2,2017,"Springfield",-123.0177,44.0467,13.68305,1
2,2018,"Gillette",-105.2133,43.6483,4.44697,0
2,2019,"Denver",-105.0153,39.73217,8.752643,1
2,2019,"Denver",-104.9886,39.7861,10.03588,1
2,2019,"Hillsboro",-122.9724,45.5285,6.772544,0
2,2016,"Prairie Center",-104.1675,42.059,3.665527,0
2,2019,"Grassy Butte",-103.2995,47.5812,3.569122,0
2,2019,"Kenmare",-102.4018,48.64193,3.452149,0
2,2019,"Brownell",-99.76342,38.77008,5.300612,0
2,2019,"Seiling",-98.93197,36.15841,7.928375,0
2,2019,"San Antonio",-98.62017,29.51509,8.627522,0
2,2019,"Aberdeen",-98.48611,45.4625,5.764548,1
2,2019,"Lawton",-98.42879,34.63298,8.193939,0
2,2019,"Grand Island",-98.36497,40.9421,5.064948,0
2,2019,"San Antonio",-98.31169,29.27538,8.433913,0
2,2019,"Mission",-98.29107,26.22621,10.69803,0
2,2019,"Edinburg",-98.15207,26.28862,10.33137,1
2,2019,"Oklahoma City",-97.57798,35.50307,9.150418,1
2,2019,"Oklahoma City",-97.52709,35.47292,7.167742,1
2,2019,"Brownsville",-97.49383,25.89252,9.742577,1
2,2019,"Moore",-97.4841,35.3201,10.0014,0
2,2019,"Oklahoma City",-97.47508,35.61413,8.276942,0
2,2019,"Corpus Christi",-97.4657,27.81182,8.203571,1
2,2018,"Peck",-97.3664,37.47689,7.614407,0
2,2018,"Wichita",-97.36221,37.65111,8.14322,0
2,2017,"Wichita",-97.31691,37.74708,7.245946,0
2,2019,"Wichita",-97.31485,37.70207,6.287869,1
2,2019,"Watertown",-97.1288,44.89965,6.298034,1
2,2019,"Ponca City",-97.08135,36.69719,7.906301,1
2,2018,"Midlothian",-97.0269,32.48208,8.256863,0
2,2019,"Dallas",-96.86012,32.82006,8.813975,1
2,2019,"North River",-96.85535,46.93375,6.438636,0
2,2019,"Brookings",-96.8073,44.3486,4.197784,0
2,2019,"Dallas",-96.79769,32.77426,9.147,1
2,2019,"Elk Point",-96.70721,42.75152,5.791549,0
2,2019,"Sioux Falls",-96.70077,43.54792,5.58335,1
2,2019,"Lincoln",-96.68331,40.81259,6.413844,1
2,2019,"Sioux City",-96.39476,42.49984,7.450847,1
2,2019,"Omaha",-96.05669,41.19785,6.738518,0
2,2019,"Glenpool",-96.00498,35.95371,8.332378,0
2,2019,"Tulsa",-95.97654,36.2049,7.738231,1
2,2019,"Omaha",-95.97314,41.24749,6.796386,0
2,2019,"Bellevue",-95.9561,41.13329,7.838857,0
2,2019,"Council Bluffs",-95.89612,41.26417,7.622901,0
2,2019,"Detroit Lakes",-95.84627,46.85181,5.157183,0
2,2019,"Marshall",-95.81789,44.4438,5.908547,0
2,2019,"McAlester",-95.78441,34.88561,7.602887,0
2,2019,"Topeka",-95.71128,39.02426,9.291317,1
2,2019,"Chanute",-95.47594,37.67696,8.961582,0
2,2019,"Houston",-95.38769,29.81453,10.30901,1
2,2019,"Houston",-95.32614,29.90104,9.584746,0
2,2019,"Houston",-95.25759,29.73373,10.30732,1
2,2019,"Deer Park",-95.12851,29.67002,7.810093,1
2,2019,"Stanton",-95.04495,40.96911,6.526446,0
2,2019,"Baytown",-95.03123,29.7707,8.758074,0
2,2019,"Pinewood",-95.02917,47.87816,5.981818,0
2,2018,"Galveston",-94.86129,29.25447,7.141818,0
2,2019,"Saint Joseph",-94.85858,39.74169,8.388136,1
2,2019,"Emmetsburg",-94.69352,43.1237,6.426316,0
2,2018,"Overland Park",-94.68701,38.97446,7.787619,1
2,2019,"Kansas City",-94.6356,39.11722,9.586207,1
2,2019,"VLG LOCH LOYD",-94.57983,38.75961,6.265753,0
2,2019,"Kansas City",-94.57079,39.10469,8.199096,1
2,2019,"Roland",-94.52441,35.40814,8.124793,0
2,2019,"Kansas City",-94.45051,39.04791,7.559331,0
2,2019,"Kearney",-94.37701,39.30317,6.16584,0
2,2019,"Mena",-94.22623,34.5837,8.674167,0
2,2019,"St. Cloud",-94.13345,45.54984,5.51,0
2,2019,"Baxter",-94.1303,46.39674,4.316992,0
2,2019,"Fayetteville",-94.11683,36.1797,8.0075,0
2,2019,"Shreveport",-93.79518,32.47182,10.75647,0
2,2019,"Clive",-93.7479,41.60352,6.92521,0
2,2019,"Saint Michael",-93.66921,45.20916,5.50904,0
2,2019,"Des Moines",-93.64312,41.60316,6.945205,1
2,2019,"Shakopee",-93.51253,44.79144,6.822254,1
2,2019,"St. Louis Park",-93.34315,44.94805,7.030172,0
2,2019,"Springfield",-93.29989,37.25614,7.193093,0
2,2019,"Lakeville",-93.2858,44.70612,6.998045,0
2,2019,"Minneapolis",-93.25821,44.95366,7.689851,1
2,2019,"Minneapolis",-93.25476,44.96524,7.896532,1
2,2019,"Apple Valley",-93.23725,44.73846,6.814525,0
2,2019,"Blaine",-93.20762,45.13768,6.706168,0
2,2016,"Saint Paul",-93.19988,44.9731,6.45641,1
2,2019,"Saint Paul",-93.09827,44.95072,7.817797,1
2,2019,"Saint Paul",-93.03587,44.95939,7.334554,0
2,2019,"Hot Springs",-93.00018,34.46944,8.853291,1
2,2018,"Bayport",-92.78336,45.02862,8.379429,0
2,2018,"Bayport",-92.77525,45.02124,7.253595,0
2,2019,"Virginia",-92.5363,47.52336,4.655742,1
2,2019,"Cloquet",-92.51172,46.71369,3.145349,0
2,2019,"Rochester",-92.45037,43.99691,7.618942,0
2,2019,"Alexandria",-92.41075,31.17782,7.52437,0
2,2019,"Little Rock",-92.3287,34.68134,10.33983,0
2,2019,"Waterloo",-92.31602,42.50154,7.670833,1
2,2019,"North Little Rock",-92.2813,34.75619,9.747443,1
2,2019,"Duluth",-92.166,46.74366,5.477714,0
2,2018,"Duluth",-92.08936,46.81826,4.171488,0
2,2019,"Keosauqua",-92.00632,40.69508,7.175833,0
2,2019,"Cedar Rapids",-91.68766,41.97677,7.639936,1
2,2019,"Stuttgart",-91.55896,34.51852,7.930508,0
2,2016,"Dundee",-91.53849,42.60083,7.356075,0
2,2019,"Iowa City",-91.50348,41.65723,8.987291,1
2,2019,"Ely",-91.49557,47.94862,4.234384,0
2,2019,"Keokuk",-91.39101,40.40096,8.281667,1
2,2019,"La Crosse",-91.2269,43.7775,7.611019,0
2,2019,"Port Allen",-91.21356,30.50064,8.957429,0
2,2019,"Baton Rouge",-91.17922,30.46198,8.839176,1
2,2019,"Augusta",-91.143,44.7614,7.671745,0
2,2019,"Muscatine",-91.07098,41.41943,7.481034,1
2,2019,"Muscatine",-91.06796,41.40097,8.050914,0
2,2019,"Carville",-91.06255,30.2191,8.478689,0
2,2019,"Muscatine",-91.0616,41.4069,8.161345,0
2,2019,"Potosi",-90.6979,42.6938,8.399726,0
2,2019,"Moquah",-90.65614,46.60225,4.982967,0
2,2019,"Davenport",-90.62404,41.51208,8.503857,1
2,2016,"Davenport",-90.60012,41.55,7.566667,0
2,2019,"Chelsea",-90.5972,45.2066,6.375616,0
2,2019,"Davenport",-90.58761,41.53001,8.582486,1
2,2019,"Moline",-90.51735,41.51473,8.561389,1
2,2019,"Arnold",-90.3959,38.44867,6.582043,0
2,2019,"St. Louis",-90.35031,38.65033,8.836767,0
2,2019,"St. Louis",-90.28115,38.63114,9.047774,0
2,2019,"St. Louis",-90.26371,38.54255,8.600826,1
2,2019,"Jackson",-90.22567,32.34672,9.405479,1
2,2019,"Clinton",-90.21198,41.82328,8.971667,1
2,2019,"St. Louis",-90.19835,38.65643,9.677442,1
2,2019,"Marion",-90.19314,35.19729,8.278151,0
2,2019,"St. Louis",-90.18987,38.65648,9.021326,1
2,2019,"Jackson",-90.18272,32.32911,9.000683,1
2,2019,"Clinton",-90.17757,41.875,8.234711,0
2,2019,"Sauget",-90.16048,38.61203,9.155357,0
2,2019,"Pontoon Beach",-90.14476,38.70063,11.23571,1
2,2019,"Alton",-90.14317,38.90308,9.088182,0
2,2019,"New Orleans",-90.11819,29.99601,7.847934,1
2,2019,"Wood River",-90.10585,38.86067,9.05625,0
2,2016,"Memphis",-90.02154,35.16889,7.765041,0
2,2019,"Hernando",-89.98783,34.82166,8.234066,0
2,2019,"Memphis",-89.85025,35.1517,7.661666,0
2,2018,"Grenada",-89.79278,33.83444,7.029524,0
2,2018,"Sparta",-89.78846,38.17628,7.816667,0
2,2019,"Grand Portage",-89.69098,47.97208,4.393713,0
2,2019,"Boulder Junction",-89.654,46.0519,4.935912,0
2,2019,"Springfield",-89.64416,39.83192,8.188983,0
2,2019,"Peoria",-89.58474,40.69701,8.041026,1
2,2019,"Madison",-89.4358,43.0733,8.770915,1
2,2019,"Waveland",-89.39592,30.30083,7.555068,0
2,2019,"Dyersburg",-89.38216,36.05266,6.689722,0
2,2019,"Madison",-89.3573,43.10084,7.989897,1
2,2019,"Hattiesburg",-89.28717,31.32364,8.834392,1
2,2017,"Rockford",-89.09277,42.26308,8.000901,1
2,2019,"Gulfport",-89.04978,30.39037,9.220386,0
2,2019,"Decatur",-88.92559,39.86683,9.509722,0
2,2018,"Jackson",-88.80958,35.65135,6.909972,0
2,2019,"Crandon",-88.8086,45.565,5.409827,0
2,2019,"San Rafael",-122.52,37.97231,6.38017,1
2,2019,"Dale",-88.62494,38.08216,8.245133,0
2,2019,"Horicon",-88.62111,43.46611,7.289415,0
2,2019,"Paducah",-88.57251,37.05822,9.521008,0
2,2019,"Pascagoula",-88.53393,30.37829,8.629834,1
2,2019,"Appleton",-88.39518,44.30738,8.04538,0
2,2019,"Champaign",-88.37251,40.05278,7.800097,0
2,2019,"Aurora",-88.32937,41.78472,8.406617,0
2,2019,"Elgin",-88.28002,42.0504,8.511504,0
2,2019,"Cary",-88.24221,42.22144,7.789831,0
2,2019,"Champaign",-88.24055,40.12389,7.542609,0
2,2019,"Custer Park",-88.19097,41.22154,8.736261,0
2,2018,"Naperville",-88.15253,41.77107,10.5352,1
2,2019,"Mobile",-88.08776,30.77018,8.302679,0
2,2019,"Green Bay",-87.99344,44.50729,7.309143,1
2,2019,"Milwaukee",-87.93333,43.01667,7.986457,1
2,2018,"Milwaukee",-87.93198,42.93071,7.414773,1
2,2016,"Milwaukee",-87.92079,43.03987,7.733333,1
2,2019,"Fairhope",-87.88026,30.49748,7.551402,0
2,2019,"La Grange",-87.83235,41.80118,9.704712,0
2,2019,"Belgium",-87.81,43.4981,6.904132,0
2,2019,"Pleasant Prairie",-87.8093,42.50472,7.388493,0
2,2019,"Tacoma",-122.4517,47.1864,8.542638,0
2,2019,"Bedford Park",-87.80538,41.78277,9.303478,0
2,2019,"Northbrook",-87.79923,42.14,8.095573,0
2,2019,"Chicago",-87.7489,41.86443,9.011864,0
2,2019,"Alsip",-87.73246,41.67099,7.981132,0
2,2019,"Chicago",-87.71349,41.7514,8.259322,0
2,2018,"Muscle Shoals",-87.6381,34.76262,7.53719,0
2,2018,"Evansville",-87.55802,37.97447,9.256303,1
2,2019,"Evansville",-87.53229,37.97444,8.694118,1
2,2019,"Tuscaloosa",-87.48419,33.18993,7.941964,0
2,2018,"Loretto",-87.46995,35.11597,6.946023,0
2,2018,"Henderson",-87.46375,37.8712,9.273519,0
2,2018,"Clarksville",-87.32804,36.51463,7.834181,0
2,2019,"Hopkinsville",-87.32334,36.91171,8.487736,0
2,2018,"Pensacola",-87.20355,30.52537,7.753266,0
2,2019,"Owensboro",-87.07531,37.78078,8.642363,0
2,2019,"Columbia",-87.0096,35.65188,5.986188,1
2,2019,"McCalla",-87.00361,33.33111,8.549167,0
2,2019,"Dale",-86.98321,38.16752,7.917949,0
2,2019,"Decatur",-86.96754,34.53072,7.627826,1
2,2019,"Birmingham",-86.92417,33.49972,8.387746,0
2,2019,"Trail Creek",-86.89122,41.70721,7.873729,0
2,2016,"Nashville",-86.87355,36.11825,8.063487,0
2,2019,"Colburn",-86.8525,40.43164,8.776353,0
2,2019,"Birmingham",-86.84411,33.52143,9.435593,1
2,2019,"Birmingham",-86.815,33.55306,10.32102,1
2,2019,"Nashville",-86.7389,36.17638,7.835,1
2,2019,"Hendersonville",-86.65314,36.29756,7.064003,0
2,2019,"Huntsville",-86.58636,34.68776,7.142589,1
2,2019,"Leeds",-86.54917,33.54528,8.288419,0
2,2019,"Bloomington",-86.50476,39.15938,7.382732,0
2,2017,"Coosa Pines",-86.34944,33.27947,8.7,0
2,2017,"Coloma",-86.30969,42.19779,7.99,0
2,2019,"Montgomery",-86.26339,32.41281,8.871265,0
2,2019,"Manistee",-86.24265,44.307,4.981633,1
2,2019,"Smiths Grove",-86.21487,37.04926,7.761345,0
2,2019,"Indianapolis",-86.21463,39.7889,10.31113,0
2,2019,"Indianapolis",-86.16646,39.74499,10.64017,1
2,2019,"Holland",-86.14858,42.76779,7.042056,0
2,2019,"Indianapolis",-86.13088,39.78793,11.41232,1
2,2019,"Indianapolis",-86.12202,39.77498,9.530973,0
2,2019,"Hokes Bluff",-85.99265,33.99149,8.410526,1
2,2019,"Crossville",-85.96986,34.28857,7.55,0
2,2019,"Germfask",-85.95023,46.28888,4.200578,0
2,2019,"Fishers",-85.93955,39.96088,8.3125,0
2,2019,"Louisville",-85.89804,38.06091,9.987879,0
2,2019,"Columbus",-85.89133,39.23746,6.909412,0
2,2019,"Hudsonville",-85.85273,42.89445,8.263793,0
2,2019,"Elizabethtown",-85.85263,37.70561,7.412183,0
